,DATE,PRODUCT ID,QUANTITY,SALE TYPE,PAYMENT MODE,DISCOUNT %,YEAR,MONTH,DAY,BUYING PRIZE,SELLING PRICE,PRODUCT,CATEGORY,UOM,TOTAL BUYING VALUE,TOTAL SELLING VALUE
0,2021-01-01,P0024,9,Wholesaler,Online,0,2021,1,1,144,156.96,Product24,Category03,Ft,1296,1412.64
1,2021-01-02,P0038,15,Online,Cash,0,2021,1,2,72,79.92,Product38,Category05,Kg,1080,1198.8
2,2021-01-02,P0013,6,Direct Sales,Cash,0,2021,1,2,112,122.08,Product13,Category02,Kg,672,732.48
3,2021-01-03,P0004,5,Direct Sales,Online,0,2021,1,3,44,48.84,Product04,Category01,Lt,220,244.20000000000002
4,2021-01-04,P0035,12,Online,Online,0,2021,1,4,5,6.7,Product35,Category04,No.,60,80.4
5,2021-01-09,P0031,1,Direct Sales,Cash,0,2021,1,9,93,104.16,Product31,Category04,Kg,93,104.16
6,2021-01-09,P0003,8,Direct Sales,Cash,0,2021,1,9,71,80.94,Product03,Category01,Kg,568,647.52
7,2021-01-09,P0025,4,Direct Sales,Online,0,2021,1,9,7,8.33,Product25,Category03,No.,28,33.32
8,2021-01-11,P0037,3,Direct Sales,Cash,0,2021,1,11,67,85.76,Product37,Category05,Kg,201,257.28000000000003
9,2021-01-11,P0014,4,Wholesaler,Online,0,2021,1,11,112,146.72,Product14,Category02,Kg,448,586.88
10,2021-01-11,P0042,4,Direct Sales,Online,0,2021,1,11,120,162.0,Product42,Category05,Ft,480,648.0
11,2021-01-12,P0042,10,Online,Cash,0,2021,1,12,120,162.0,Product42,Category05,Ft,1200,1620.0
12,2021-01-18,P0044,13,Direct Sales,Online,0,2021,1,18,76,82.08,Product44,Category05,Kg,988,1067.04
13,2021-01-18,P0023,3,Online,Cash,0,2021,1,18,141,149.46,Product23,Category03,Ft,423,448.38
14,2021-01-19,P0035,6,Direct Sales,Cash,0,2021,1,19,5,6.7,Product35,Category04,No.,30,40.2
15,2021-01-20,P0034,4,Direct Sales,Cash,0,2021,1,20,55,58.3,Product34,Category04,Lt,220,233.2
16,2021-01-20,P0020,4,Direct Sales,Cash,0,2021,1,20,61,76.25,Product20,Category03,Lt,244,305.0
17,2021-01-21,P0004,15,Wholesaler,Cash,0,2021,1,21,44,48.84,Product04,Category01,Lt,660,732.6
18,2021-01-21,P0003,9,Direct Sales,Online,0,2021,1,21,71,80.94,Product03,Category01,Kg,639,728.46
19,2021-01-21,P0042,6,Direct Sales,Online,0,2021,1,21,120,162.0,Product42,Category05,Ft,720,972.0
20,2021-01-25,P0034,6,Direct Sales,Cash,0,2021,1,25,55,58.3,Product34,Category04,Lt,330,349.79999999999995
21,2021-01-25,P0035,7,Direct Sales,Online,0,2021,1,25,5,6.7,Product35,Category04,No.,35,46.9
22,2021-01-25,P0031,14,Direct Sales,Online,0,2021,1,25,93,104.16,Product31,Category04,Kg,1302,1458.24
23,2021-01-26,P0044,9,Wholesaler,Cash,0,2021,1,26,76,82.08,Product44,Category05,Kg,684,738.72
24,2021-01-26,P0006,7,Online,Cash,0,2021,1,26,75,85.5,Product06,Category01,Kg,525,598.5
25,2021-01-26,P0001,7,Online,Online,0,2021,1,26,98,103.88,Product01,Category01,Kg,686,727.16
26,2021-01-27,P0040,7,Wholesaler,Online,0,2021,1,27,90,115.2,Product40,Category05,Kg,630,806.4
27,2021-01-27,P0032,3,Wholesaler,Online,0,2021,1,27,89,117.48,Product32,Category04,Kg,267,352.44
28,2021-01-28,P0004,10,Online,Cash,0,2021,1,28,44,48.84,Product04,Category01,Lt,440,488.40000000000003
29,2021-01-28,P0029,2,Direct Sales,Cash,0,2021,1,28,47,53.11,Product29,Category04,Lt,94,106.22
30,2021-02-02,P0010,7,Online,Online,0,2021,2,2,148,164.28,Product10,Category02,Ft,1036,1149.96
31,2021-02-03,P0016,13,Direct Sales,Online,0,2021,2,3,13,16.64,Product16,Category02,No.,169,216.32
32,2021-02-03,P0022,2,Wholesaler,Cash,0,2021,2,3,121,141.57,Product22,Category03,Ft,242,283.14
33,2021-02-04,P0037,4,Online,Online,0,2021,2,4,67,85.76,Product37,Category05,Kg,268,343.04
34,2021-02-05,P0043,7,Online,Cash,0,2021,2,5,67,83.08,Product43,Category05,Kg,469,581.56
35,2021-02-05,P0005,1,Direct Sales,Cash,0,2021,2,5,133,155.61,Product05,Category01,Ft,133,155.61
36,2021-02-05,P0043,9,Direct Sales,Cash,0,2021,2,5,67,83.08,Product43,Category05,Kg,603,747.72
37,2021-02-06,P0035,1,Direct Sales,Cash,0,2021,2,6,5,6.7,Product35,Category04,No.,5,6.7
38,2021-02-09,P0034,14,Direct Sales,Online,0,2021,2,9,55,58.3,Product34,Category04,Lt,770,816.1999999999999
39,2021-02-12,P0008,7,Direct Sales,Cash,0,2021,2,12,83,94.62,Product08,Category01,Kg,581,662.34
40,2021-02-12,P0023,9,Online,Cash,0,2021,2,12,141,149.46,Product23,Category03,Ft,1269,1345.14
41,2021-02-15,P0027,4,Direct Sales,Online,0,2021,2,15,48,57.120000000000005,Product27,Category04,Lt,192,228.48000000000002
42,2021-02-18,P0015,6,Online,Cash,0,2021,2,18,12,15.719999999999999,Product15,Category02,No.,72,94.32
43,2021-02-20,P0030,11,Online,Cash,0,2021,2,20,148,201.28,Product30,Category04,Ft,1628,2214.08
44,2021-02-22,P0013,5,Online,Cash,0,2021,2,22,112,122.08,Product13,Category02,Kg,560,610.4
45,2021-02-23,P0025,3,Direct Sales,Cash,0,2021,2,23,7,8.33,Product25,Category03,No.,21,24.990000000000002
46,2021-02-23,P0005,2,Direct Sales,Online,0,2021,2,23,133,155.61,Product05,Category01,Ft,266,311.22
47,2021-02-25,P0002,4,Wholesaler,Online,0,2021,2,25,105,142.8,Product02,Category01,Kg,420,571.2
48,2021-02-25,P0032,11,Online,Cash,0,2021,2,25,89,117.48,Product32,Category04,Kg,979,1292.28
49,2021-02-25,P0030,2,Direct Sales,Online,0,2021,2,25,148,201.28,Product30,Category04,Ft,296,402.56
50,2021-02-27,P0018,11,Wholesaler,Online,0,2021,2,27,37,49.21,Product18,Category02,No.,407,541.3100000000001
51,2021-03-03,P0011,1,Direct Sales,Online,0,2021,3,3,44,48.4,Product11,Category02,Lt,44,48.4
52,2021-03-07,P0021,9,Direct Sales,Cash,0,2021,3,7,126,162.54,Product21,Category03,Ft,1134,1462.86
53,2021-03-08,P0027,6,Online,Cash,0,2021,3,8,48,57.120000000000005,Product27,Category04,Lt,288,342.72
54,2021-03-08,P0044,9,Online,Online,0,2021,3,8,76,82.08,Product44,Category05,Kg,684,738.72
55,2021-03-09,P0029,6,Wholesaler,Online,0,2021,3,9,47,53.11,Product29,Category04,Lt,282,318.65999999999997
56,2021-03-11,P0025,11,Direct Sales,Cash,0,2021,3,11,7,8.33,Product25,Category03,No.,77,91.63
57,2021-03-13,P0028,10,Wholesaler,Cash,0,2021,3,13,37,41.81,Product28,Category04,No.,370,418.1
58,2021-03-15,P0039,11,Online,Cash,0,2021,3,15,37,42.55,Product39,Category05,No.,407,468.04999999999995
59,2021-03-16,P0012,14,Direct Sales,Cash,0,2021,3,16,73,94.17,Product12,Category02,Kg,1022,1318.38
60,2021-03-18,P0042,8,Wholesaler,Cash,0,2021,3,18,120,162.0,Product42,Category05,Ft,960,1296.0
61,2021-03-19,P0028,9,Online,Cash,0,2021,3,19,37,41.81,Product28,Category04,No.,333,376.29
62,2021-03-21,P0020,13,Online,Online,0,2021,3,21,61,76.25,Product20,Category03,Lt,793,991.25
63,2021-03-21,P0039,7,Direct Sales,Online,0,2021,3,21,37,42.55,Product39,Category05,No.,259,297.84999999999997
64,2021-03-22,P0002,8,Online,Online,0,2021,3,22,105,142.8,Product02,Category01,Kg,840,1142.4
65,2021-03-22,P0012,4,Online,Online,0,2021,3,22,73,94.17,Product12,Category02,Kg,292,376.68
66,2021-03-25,P0024,14,Online,Cash,0,2021,3,25,144,156.96,Product24,Category03,Ft,2016,2197.44
67,2021-03-25,P0006,4,Direct Sales,Cash,0,2021,3,25,75,85.5,Product06,Category01,Kg,300,342.0
68,2021-03-25,P0029,8,Direct Sales,Cash,0,2021,3,25,47,53.11,Product29,Category04,Lt,376,424.88
69,2021-03-25,P0038,2,Direct Sales,Online,0,2021,3,25,72,79.92,Product38,Category05,Kg,144,159.84
70,2021-03-26,P0001,4,Direct Sales,Cash,0,2021,3,26,98,103.88,Product01,Category01,Kg,392,415.52
71,2021-03-26,P0042,1,Direct Sales,Cash,0,2021,3,26,120,162.0,Product42,Category05,Ft,120,162.0
72,2021-03-26,P0010,9,Direct Sales,Online,0,2021,3,26,148,164.28,Product10,Category02,Ft,1332,1478.52
73,2021-03-27,P0030,3,Direct Sales,Online,0,2021,3,27,148,201.28,Product30,Category04,Ft,444,603.84
74,2021-03-28,P0007,8,Online,Cash,0,2021,3,28,43,47.730000000000004,Product07,Category01,Lt,344,381.84000000000003
75,2021-03-30,P0038,1,Online,Cash,0,2021,3,30,72,79.92,Product38,Category05,Kg,72,79.92
76,2021-03-31,P0042,3,Direct Sales,Cash,0,2021,3,31,120,162.0,Product42,Category05,Ft,360,486.0
77,2021-04-04,P0040,4,Direct Sales,Cash,0,2021,4,4,90,115.2,Product40,Category05,Kg,360,460.8
78,2021-04-04,P0009,9,Online,Cash,0,2021,4,4,6,7.859999999999999,Product09,Category01,No.,54,70.74
79,2021-04-05,P0031,15,Online,Online,0,2021,4,5,93,104.16,Product31,Category04,Kg,1395,1562.3999999999999
80,2021-04-09,P0005,3,Online,Online,0,2021,4,9,133,155.61,Product05,Category01,Ft,399,466.83000000000004
81,2021-04-10,P0022,14,Direct Sales,Online,0,2021,4,10,121,141.57,Product22,Category03,Ft,1694,1981.98
82,2021-04-12,P0037,3,Direct Sales,Cash,0,2021,4,12,67,85.76,Product37,Category05,Kg,201,257.28000000000003
83,2021-04-12,P0029,4,Direct Sales,Online,0,2021,4,12,47,53.11,Product29,Category04,Lt,188,212.44
84,2021-04-12,P0027,9,Direct Sales,Online,0,2021,4,12,48,57.120000000000005,Product27,Category04,Lt,432,514.08
85,2021-04-12,P0033,13,Direct Sales,Cash,0,2021,4,12,95,119.7,Product33,Category04,Kg,1235,1556.1000000000001
86,2021-04-15,P0017,3,Direct Sales,Online,0,2021,4,15,134,156.78,Product17,Category02,Ft,402,470.34000000000003
87,2021-04-16,P0018,15,Direct Sales,Cash,0,2021,4,16,37,49.21,Product18,Category02,No.,555,738.15
88,2021-04-18,P0038,9,Wholesaler,Online,0,2021,4,18,72,79.92,Product38,Category05,Kg,648,719.28
89,2021-04-18,P0019,13,Direct Sales,Cash,0,2021,4,18,150,210.0,Product19,Category02,Ft,1950,2730.0
90,2021-04-23,P0042,6,Direct Sales,Online,0,2021,4,23,120,162.0,Product42,Category05,Ft,720,972.0
91,2021-04-23,P0028,10,Direct Sales,Online,0,2021,4,23,37,41.81,Product28,Category04,No.,370,418.1
92,2021-04-24,P0030,2,Online,Online,0,2021,4,24,148,201.28,Product30,Category04,Ft,296,402.56
93,2021-04-26,P0037,3,Direct Sales,Online,0,2021,4,26,67,85.76,Product37,Category05,Kg,201,257.28000000000003
94,2021-04-29,P0030,7,Direct Sales,Online,0,2021,4,29,148,201.28,Product30,Category04,Ft,1036,1408.96
95,2021-04-30,P0029,1,Direct Sales,Online,0,2021,4,30,47,53.11,Product29,Category04,Lt,47,53.11
96,2021-05-01,P0018,3,Online,Cash,0,2021,5,1,37,49.21,Product18,Category02,No.,111,147.63
97,2021-05-01,P0042,1,Online,Cash,0,2021,5,1,120,162.0,Product42,Category05,Ft,120,162.0
98,2021-05-03,P0034,3,Online,Online,0,2021,5,3,55,58.3,Product34,Category04,Lt,165,174.89999999999998
99,2021-05-04,P0015,13,Online,Online,0,2021,5,4,12,15.719999999999999,Product15,Category02,No.,156,204.35999999999999
100,2021-05-04,P0014,4,Direct Sales,Cash,0,2021,5,4,112,146.72,Product14,Category02,Kg,448,586.88
101,2021-05-05,P0009,13,Direct Sales,Cash,0,2021,5,5,6,7.859999999999999,Product09,Category01,No.,78,102.17999999999999
102,2021-05-06,P0008,15,Direct Sales,Online,0,2021,5,6,83,94.62,Product08,Category01,Kg,1245,1419.3000000000002
103,2021-05-06,P0009,6,Online,Online,0,2021,5,6,6,7.859999999999999,Product09,Category01,No.,36,47.16
104,2021-05-07,P0018,1,Direct Sales,Cash,0,2021,5,7,37,49.21,Product18,Category02,No.,37,49.21
105,2021-05-09,P0016,6,Online,Online,0,2021,5,9,13,16.64,Product16,Category02,No.,78,99.84
106,2021-05-09,P0028,8,Direct Sales,Cash,0,2021,5,9,37,41.81,Product28,Category04,No.,296,334.48
107,2021-05-12,P0016,3,Direct Sales,Online,0,2021,5,12,13,16.64,Product16,Category02,No.,39,49.92
108,2021-05-12,P0035,15,Direct Sales,Online,0,2021,5,12,5,6.7,Product35,Category04,No.,75,100.5
109,2021-05-13,P0029,4,Direct Sales,Online,0,2021,5,13,47,53.11,Product29,Category04,Lt,188,212.44
110,2021-05-20,P0042,2,Online,Cash,0,2021,5,20,120,162.0,Product42,Category05,Ft,240,324.0
111,2021-05-23,P0040,11,Direct Sales,Online,0,2021,5,23,90,115.2,Product40,Category05,Kg,990,1267.2
112,2021-05-30,P0023,13,Online,Online,0,2021,5,30,141,149.46,Product23,Category03,Ft,1833,1942.98
113,2021-05-30,P0013,6,Online,Cash,0,2021,5,30,112,122.08,Product13,Category02,Kg,672,732.48
114,2021-06-03,P0021,10,Direct Sales,Cash,0,2021,6,3,126,162.54,Product21,Category03,Ft,1260,1625.3999999999999
115,2021-06-04,P0020,8,Wholesaler,Online,0,2021,6,4,61,76.25,Product20,Category03,Lt,488,610.0
116,2021-06-04,P0020,12,Online,Cash,0,2021,6,4,61,76.25,Product20,Category03,Lt,732,915.0
117,2021-06-05,P0022,15,Wholesaler,Online,0,2021,6,5,121,141.57,Product22,Category03,Ft,1815,2123.5499999999997
118,2021-06-05,P0035,10,Direct Sales,Online,0,2021,6,5,5,6.7,Product35,Category04,No.,50,67.0
119,2021-06-06,P0033,6,Direct Sales,Online,0,2021,6,6,95,119.7,Product33,Category04,Kg,570,718.2
120,2021-06-08,P0028,11,Direct Sales,Online,0,2021,6,8,37,41.81,Product28,Category04,No.,407,459.91
121,2021-06-08,P0004,11,Wholesaler,Cash,0,2021,6,8,44,48.84,Product04,Category01,Lt,484,537.24
122,2021-06-09,P0001,7,Direct Sales,Online,0,2021,6,9,98,103.88,Product01,Category01,Kg,686,727.16
123,2021-06-11,P0032,12,Wholesaler,Cash,0,2021,6,11,89,117.48,Product32,Category04,Kg,1068,1409.76
124,2021-06-12,P0041,6,Direct Sales,Online,0,2021,6,12,138,173.88,Product41,Category05,Ft,828,1043.28
125,2021-06-14,P0025,10,Online,Cash,0,2021,6,14,7,8.33,Product25,Category03,No.,70,83.3
126,2021-06-16,P0019,5,Wholesaler,Cash,0,2021,6,16,150,210.0,Product19,Category02,Ft,750,1050.0
127,2021-06-16,P0015,12,Online,Cash,0,2021,6,16,12,15.719999999999999,Product15,Category02,No.,144,188.64
128,2021-06-16,P0039,11,Direct Sales,Cash,0,2021,6,16,37,42.55,Product39,Category05,No.,407,468.04999999999995
129,2021-06-18,P0025,13,Direct Sales,Cash,0,2021,6,18,7,8.33,Product25,Category03,No.,91,108.29
130,2021-06-19,P0041,5,Direct Sales,Online,0,2021,6,19,138,173.88,Product41,Category05,Ft,690,869.4
131,2021-06-20,P0016,1,Wholesaler,Cash,0,2021,6,20,13,16.64,Product16,Category02,No.,13,16.64
132,2021-06-23,P0016,4,Direct Sales,Online,0,2021,6,23,13,16.64,Product16,Category02,No.,52,66.56
133,2021-06-24,P0011,13,Direct Sales,Online,0,2021,6,24,44,48.4,Product11,Category02,Lt,572,629.1999999999999
134,2021-06-26,P0009,7,Online,Online,0,2021,6,26,6,7.859999999999999,Product09,Category01,No.,42,55.019999999999996
135,2021-06-27,P0005,11,Direct Sales,Cash,0,2021,6,27,133,155.61,Product05,Category01,Ft,1463,1711.71
136,2021-06-28,P0021,2,Online,Cash,0,2021,6,28,126,162.54,Product21,Category03,Ft,252,325.08
137,2021-06-28,P0035,7,Online,Online,0,2021,6,28,5,6.7,Product35,Category04,No.,35,46.9
138,2021-06-29,P0014,4,Direct Sales,Online,0,2021,6,29,112,146.72,Product14,Category02,Kg,448,586.88
139,2021-07-01,P0005,11,Direct Sales,Cash,0,2021,7,1,133,155.61,Product05,Category01,Ft,1463,1711.71
140,2021-07-02,P0010,11,Direct Sales,Cash,0,2021,7,2,148,164.28,Product10,Category02,Ft,1628,1807.08
141,2021-07-03,P0033,9,Online,Cash,0,2021,7,3,95,119.7,Product33,Category04,Kg,855,1077.3
142,2021-07-03,P0003,8,Online,Cash,0,2021,7,3,71,80.94,Product03,Category01,Kg,568,647.52
143,2021-07-05,P0002,8,Direct Sales,Online,0,2021,7,5,105,142.8,Product02,Category01,Kg,840,1142.4
144,2021-07-06,P0041,15,Direct Sales,Cash,0,2021,7,6,138,173.88,Product41,Category05,Ft,2070,2608.2
145,2021-07-08,P0004,10,Direct Sales,Online,0,2021,7,8,44,48.84,Product04,Category01,Lt,440,488.40000000000003
146,2021-07-10,P0034,6,Wholesaler,Cash,0,2021,7,10,55,58.3,Product34,Category04,Lt,330,349.79999999999995
147,2021-07-11,P0009,4,Wholesaler,Online,0,2021,7,11,6,7.859999999999999,Product09,Category01,No.,24,31.439999999999998
148,2021-07-13,P0019,1,Direct Sales,Cash,0,2021,7,13,150,210.0,Product19,Category02,Ft,150,210.0
149,2021-07-16,P0023,8,Wholesaler,Cash,0,2021,7,16,141,149.46,Product23,Category03,Ft,1128,1195.68
150,2021-07-18,P0027,14,Online,Online,0,2021,7,18,48,57.120000000000005,Product27,Category04,Lt,672,799.6800000000001
151,2021-07-20,P0038,11,Online,Online,0,2021,7,20,72,79.92,Product38,Category05,Kg,792,879.12
152,2021-07-20,P0043,5,Direct Sales,Online,0,2021,7,20,67,83.08,Product43,Category05,Kg,335,415.4
153,2021-07-21,P0029,15,Direct Sales,Online,0,2021,7,21,47,53.11,Product29,Category04,Lt,705,796.65
154,2021-07-22,P0026,3,Wholesaler,Cash,0,2021,7,22,18,24.66,Product26,Category04,No.,54,73.98
155,2021-07-22,P0024,14,Online,Cash,0,2021,7,22,144,156.96,Product24,Category03,Ft,2016,2197.44
156,2021-07-23,P0036,7,Wholesaler,Online,0,2021,7,23,90,96.3,Product36,Category04,Kg,630,674.1
157,2021-07-23,P0037,8,Direct Sales,Online,0,2021,7,23,67,85.76,Product37,Category05,Kg,536,686.08
158,2021-07-24,P0009,4,Online,Cash,0,2021,7,24,6,7.859999999999999,Product09,Category01,No.,24,31.439999999999998
159,2021-07-29,P0044,15,Online,Cash,0,2021,7,29,76,82.08,Product44,Category05,Kg,1140,1231.2
160,2021-08-01,P0001,11,Direct Sales,Cash,0,2021,8,1,98,103.88,Product01,Category01,Kg,1078,1142.6799999999998
161,2021-08-02,P0023,3,Direct Sales,Online,0,2021,8,2,141,149.46,Product23,Category03,Ft,423,448.38
162,2021-08-03,P0022,13,Online,Online,0,2021,8,3,121,141.57,Product22,Category03,Ft,1573,1840.4099999999999
163,2021-08-03,P0034,12,Online,Online,0,2021,8,3,55,58.3,Product34,Category04,Lt,660,699.5999999999999
164,2021-08-05,P0028,14,Direct Sales,Cash,0,2021,8,5,37,41.81,Product28,Category04,No.,518,585.34
165,2021-08-06,P0037,1,Wholesaler,Cash,0,2021,8,6,67,85.76,Product37,Category05,Kg,67,85.76
166,2021-08-10,P0005,4,Wholesaler,Cash,0,2021,8,10,133,155.61,Product05,Category01,Ft,532,622.44
167,2021-08-10,P0044,10,Online,Cash,0,2021,8,10,76,82.08,Product44,Category05,Kg,760,820.8
168,2021-08-10,P0006,6,Direct Sales,Cash,0,2021,8,10,75,85.5,Product06,Category01,Kg,450,513.0
169,2021-08-11,P0023,4,Direct Sales,Online,0,2021,8,11,141,149.46,Product23,Category03,Ft,564,597.84
170,2021-08-13,P0011,13,Direct Sales,Online,0,2021,8,13,44,48.4,Product11,Category02,Lt,572,629.1999999999999
171,2021-08-13,P0027,9,Direct Sales,Online,0,2021,8,13,48,57.120000000000005,Product27,Category04,Lt,432,514.08
172,2021-08-16,P0003,3,Online,Online,0,2021,8,16,71,80.94,Product03,Category01,Kg,213,242.82
173,2021-08-18,P0025,6,Direct Sales,Online,0,2021,8,18,7,8.33,Product25,Category03,No.,42,49.980000000000004
174,2021-08-20,P0020,15,Direct Sales,Cash,0,2021,8,20,61,76.25,Product20,Category03,Lt,915,1143.75
175,2021-08-20,P0031,9,Direct Sales,Online,0,2021,8,20,93,104.16,Product31,Category04,Kg,837,937.4399999999999
176,2021-08-20,P0028,13,Direct Sales,Online,0,2021,8,20,37,41.81,Product28,Category04,No.,481,543.53
177,2021-08-26,P0039,4,Direct Sales,Online,0,2021,8,26,37,42.55,Product39,Category05,No.,148,170.2
178,2021-08-29,P0034,12,Wholesaler,Online,0,2021,8,29,55,58.3,Product34,Category04,Lt,660,699.5999999999999
179,2021-08-30,P0013,13,Direct Sales,Online,0,2021,8,30,112,122.08,Product13,Category02,Kg,1456,1587.04
180,2021-08-31,P0001,2,Direct Sales,Online,0,2021,8,31,98,103.88,Product01,Category01,Kg,196,207.76
181,2021-08-31,P0035,11,Direct Sales,Online,0,2021,8,31,5,6.7,Product35,Category04,No.,55,73.7
182,2021-09-01,P0024,1,Wholesaler,Cash,0,2021,9,1,144,156.96,Product24,Category03,Ft,144,156.96
183,2021-09-01,P0003,14,Online,Online,0,2021,9,1,71,80.94,Product03,Category01,Kg,994,1133.1599999999999
184,2021-09-03,P0041,8,Direct Sales,Online,0,2021,9,3,138,173.88,Product41,Category05,Ft,1104,1391.04
185,2021-09-04,P0028,7,Direct Sales,Online,0,2021,9,4,37,41.81,Product28,Category04,No.,259,292.67
186,2021-09-04,P0023,15,Direct Sales,Online,0,2021,9,4,141,149.46,Product23,Category03,Ft,2115,2241.9
187,2021-09-05,P0032,1,Direct Sales,Cash,0,2021,9,5,89,117.48,Product32,Category04,Kg,89,117.48
188,2021-09-07,P0019,5,Direct Sales,Online,0,2021,9,7,150,210.0,Product19,Category02,Ft,750,1050.0
189,2021-09-09,P0044,4,Direct Sales,Online,0,2021,9,9,76,82.08,Product44,Category05,Kg,304,328.32
190,2021-09-10,P0030,6,Direct Sales,Online,0,2021,9,10,148,201.28,Product30,Category04,Ft,888,1207.68
191,2021-09-10,P0001,9,Wholesaler,Online,0,2021,9,10,98,103.88,Product01,Category01,Kg,882,934.92
192,2021-09-10,P0026,2,Direct Sales,Online,0,2021,9,10,18,24.66,Product26,Category04,No.,36,49.32
193,2021-09-11,P0001,6,Wholesaler,Online,0,2021,9,11,98,103.88,Product01,Category01,Kg,588,623.28
194,2021-09-13,P0041,7,Direct Sales,Cash,0,2021,9,13,138,173.88,Product41,Category05,Ft,966,1217.1599999999999
195,2021-09-15,P0042,6,Direct Sales,Online,0,2021,9,15,120,162.0,Product42,Category05,Ft,720,972.0
196,2021-09-15,P0042,14,Direct Sales,Online,0,2021,9,15,120,162.0,Product42,Category05,Ft,1680,2268.0
197,2021-09-21,P0020,7,Wholesaler,Cash,0,2021,9,21,61,76.25,Product20,Category03,Lt,427,533.75
198,2021-09-22,P0040,2,Online,Cash,0,2021,9,22,90,115.2,Product40,Category05,Kg,180,230.4
199,2021-09-22,P0002,4,Direct Sales,Cash,0,2021,9,22,105,142.8,Product02,Category01,Kg,420,571.2
200,2021-09-23,P0018,12,Direct Sales,Cash,0,2021,9,23,37,49.21,Product18,Category02,No.,444,590.52
201,2021-09-23,P0021,7,Online,Online,0,2021,9,23,126,162.54,Product21,Category03,Ft,882,1137.78
202,2021-09-27,P0034,1,Direct Sales,Cash,0,2021,9,27,55,58.3,Product34,Category04,Lt,55,58.3
203,2021-09-30,P0014,9,Online,Online,0,2021,9,30,112,146.72,Product14,Category02,Kg,1008,1320.48
204,2021-09-30,P0006,5,Online,Online,0,2021,9,30,75,85.5,Product06,Category01,Kg,375,427.5
205,2021-10-01,P0030,14,Online,Cash,0,2021,10,1,148,201.28,Product30,Category04,Ft,2072,2817.92
206,2021-10-02,P0014,15,Direct Sales,Online,0,2021,10,2,112,146.72,Product14,Category02,Kg,1680,2200.8
207,2021-10-03,P0019,9,Direct Sales,Online,0,2021,10,3,150,210.0,Product19,Category02,Ft,1350,1890.0
208,2021-10-06,P0035,1,Direct Sales,Online,0,2021,10,6,5,6.7,Product35,Category04,No.,5,6.7
209,2021-10-06,P0036,12,Online,Online,0,2021,10,6,90,96.3,Product36,Category04,Kg,1080,1155.6
210,2021-10-07,P0026,6,Direct Sales,Cash,0,2021,10,7,18,24.66,Product26,Category04,No.,108,147.96
211,2021-10-09,P0038,5,Direct Sales,Cash,0,2021,10,9,72,79.92,Product38,Category05,Kg,360,399.6
212,2021-10-09,P0032,11,Online,Cash,0,2021,10,9,89,117.48,Product32,Category04,Kg,979,1292.28
213,2021-10-10,P0035,14,Direct Sales,Cash,0,2021,10,10,5,6.7,Product35,Category04,No.,70,93.8
214,2021-10-11,P0011,15,Direct Sales,Cash,0,2021,10,11,44,48.4,Product11,Category02,Lt,660,726.0
215,2021-10-12,P0027,8,Online,Online,0,2021,10,12,48,57.120000000000005,Product27,Category04,Lt,384,456.96000000000004
216,2021-10-17,P0001,13,Direct Sales,Online,0,2021,10,17,98,103.88,Product01,Category01,Kg,1274,1350.44
217,2021-10-18,P0025,6,Online,Cash,0,2021,10,18,7,8.33,Product25,Category03,No.,42,49.980000000000004
218,2021-10-18,P0021,13,Online,Cash,0,2021,10,18,126,162.54,Product21,Category03,Ft,1638,2113.02
219,2021-10-22,P0011,7,Direct Sales,Cash,0,2021,10,22,44,48.4,Product11,Category02,Lt,308,338.8
220,2021-10-22,P0024,13,Online,Cash,0,2021,10,22,144,156.96,Product24,Category03,Ft,1872,2040.48
221,2021-10-22,P0009,1,Direct Sales,Cash,0,2021,10,22,6,7.859999999999999,Product09,Category01,No.,6,7.859999999999999
222,2021-10-24,P0011,3,Wholesaler,Cash,0,2021,10,24,44,48.4,Product11,Category02,Lt,132,145.2
223,2021-10-25,P0044,9,Online,Cash,0,2021,10,25,76,82.08,Product44,Category05,Kg,684,738.72
224,2021-10-26,P0004,6,Wholesaler,Cash,0,2021,10,26,44,48.84,Product04,Category01,Lt,264,293.04
225,2021-10-28,P0008,1,Direct Sales,Cash,0,2021,10,28,83,94.62,Product08,Category01,Kg,83,94.62
226,2021-10-29,P0038,14,Online,Online,0,2021,10,29,72,79.92,Product38,Category05,Kg,1008,1118.88
227,2021-10-31,P0021,6,Online,Cash,0,2021,10,31,126,162.54,Product21,Category03,Ft,756,975.24
228,2021-11-03,P0013,12,Direct Sales,Cash,0,2021,11,3,112,122.08,Product13,Category02,Kg,1344,1464.96
229,2021-11-06,P0036,10,Direct Sales,Online,0,2021,11,6,90,96.3,Product36,Category04,Kg,900,963.0
230,2021-11-08,P0007,15,Direct Sales,Online,0,2021,11,8,43,47.730000000000004,Product07,Category01,Lt,645,715.95
231,2021-11-10,P0042,6,Online,Cash,0,2021,11,10,120,162.0,Product42,Category05,Ft,720,972.0
232,2021-11-11,P0040,12,Wholesaler,Online,0,2021,11,11,90,115.2,Product40,Category05,Kg,1080,1382.4
233,2021-11-12,P0010,3,Online,Cash,0,2021,11,12,148,164.28,Product10,Category02,Ft,444,492.84000000000003
234,2021-11-20,P0034,14,Online,Online,0,2021,11,20,55,58.3,Product34,Category04,Lt,770,816.1999999999999
235,2021-11-20,P0008,11,Online,Cash,0,2021,11,20,83,94.62,Product08,Category01,Kg,913,1040.8200000000002
236,2021-11-21,P0014,1,Wholesaler,Online,0,2021,11,21,112,146.72,Product14,Category02,Kg,112,146.72
237,2021-11-21,P0006,1,Online,Cash,0,2021,11,21,75,85.5,Product06,Category01,Kg,75,85.5
238,2021-11-27,P0012,8,Online,Online,0,2021,11,27,73,94.17,Product12,Category02,Kg,584,753.36
239,2021-11-28,P0040,2,Direct Sales,Cash,0,2021,11,28,90,115.2,Product40,Category05,Kg,180,230.4
240,2021-11-30,P0039,15,Direct Sales,Online,0,2021,11,30,37,42.55,Product39,Category05,No.,555,638.25
241,2021-12-02,P0016,10,Direct Sales,Cash,0,2021,12,2,13,16.64,Product16,Category02,No.,130,166.4
242,2021-12-03,P0034,2,Online,Cash,0,2021,12,3,55,58.3,Product34,Category04,Lt,110,116.6
243,2021-12-03,P0019,8,Online,Online,0,2021,12,3,150,210.0,Product19,Category02,Ft,1200,1680.0
244,2021-12-05,P0004,15,Direct Sales,Cash,0,2021,12,5,44,48.84,Product04,Category01,Lt,660,732.6
245,2021-12-05,P0010,1,Direct Sales,Online,0,2021,12,5,148,164.28,Product10,Category02,Ft,148,164.28
246,2021-12-07,P0013,8,Direct Sales,Online,0,2021,12,7,112,122.08,Product13,Category02,Kg,896,976.64
247,2021-12-08,P0044,14,Direct Sales,Online,0,2021,12,8,76,82.08,Product44,Category05,Kg,1064,1149.12
248,2021-12-14,P0042,4,Direct Sales,Online,0,2021,12,14,120,162.0,Product42,Category05,Ft,480,648.0
249,2021-12-18,P0003,2,Direct Sales,Cash,0,2021,12,18,71,80.94,Product03,Category01,Kg,142,161.88
250,2021-12-18,P0022,8,Online,Cash,0,2021,12,18,121,141.57,Product22,Category03,Ft,968,1132.56
251,2021-12-19,P0023,12,Direct Sales,Online,0,2021,12,19,141,149.46,Product23,Category03,Ft,1692,1793.52
252,2021-12-19,P0029,3,Wholesaler,Online,0,2021,12,19,47,53.11,Product29,Category04,Lt,141,159.32999999999998
253,2021-12-19,P0011,10,Online,Online,0,2021,12,19,44,48.4,Product11,Category02,Lt,440,484.0
254,2021-12-20,P0012,14,Direct Sales,Online,0,2021,12,20,73,94.17,Product12,Category02,Kg,1022,1318.38
255,2021-12-21,P0026,10,Online,Cash,0,2021,12,21,18,24.66,Product26,Category04,No.,180,246.6
256,2021-12-24,P0042,8,Wholesaler,Cash,0,2021,12,24,120,162.0,Product42,Category05,Ft,960,1296.0
257,2021-12-24,P0036,8,Wholesaler,Online,0,2021,12,24,90,96.3,Product36,Category04,Kg,720,770.4
258,2021-12-26,P0041,14,Online,Cash,0,2021,12,26,138,173.88,Product41,Category05,Ft,1932,2434.3199999999997
259,2021-12-27,P0029,14,Direct Sales,Cash,0,2021,12,27,47,53.11,Product29,Category04,Lt,658,743.54
260,2021-12-28,P0029,6,Direct Sales,Cash,0,2021,12,28,47,53.11,Product29,Category04,Lt,282,318.65999999999997
261,2021-12-30,P0010,13,Online,Online,0,2021,12,30,148,164.28,Product10,Category02,Ft,1924,2135.64
262,2022-01-01,P0022,1,Wholesaler,Cash,0,2022,1,1,121,141.57,Product22,Category03,Ft,121,141.57
263,2022-01-02,P0010,7,Direct Sales,Cash,0,2022,1,2,148,164.28,Product10,Category02,Ft,1036,1149.96
264,2022-01-02,P0015,2,Online,Cash,0,2022,1,2,12,15.719999999999999,Product15,Category02,No.,24,31.439999999999998
265,2022-01-02,P0033,1,Direct Sales,Cash,0,2022,1,2,95,119.7,Product33,Category04,Kg,95,119.7
266,2022-01-03,P0043,9,Direct Sales,Cash,0,2022,1,3,67,83.08,Product43,Category05,Kg,603,747.72
267,2022-01-04,P0012,8,Direct Sales,Online,0,2022,1,4,73,94.17,Product12,Category02,Kg,584,753.36
268,2022-01-04,P0029,1,Online,Online,0,2022,1,4,47,53.11,Product29,Category04,Lt,47,53.11
269,2022-01-09,P0032,12,Direct Sales,Online,0,2022,1,9,89,117.48,Product32,Category04,Kg,1068,1409.76
270,2022-01-10,P0034,14,Online,Online,0,2022,1,10,55,58.3,Product34,Category04,Lt,770,816.1999999999999
271,2022-01-11,P0032,2,Direct Sales,Online,0,2022,1,11,89,117.48,Product32,Category04,Kg,178,234.96
272,2022-01-13,P0019,6,Online,Online,0,2022,1,13,150,210.0,Product19,Category02,Ft,900,1260.0
273,2022-01-14,P0011,14,Direct Sales,Online,0,2022,1,14,44,48.4,Product11,Category02,Lt,616,677.6
274,2022-01-15,P0022,10,Direct Sales,Cash,0,2022,1,15,121,141.57,Product22,Category03,Ft,1210,1415.6999999999998
275,2022-01-16,P0014,11,Online,Cash,0,2022,1,16,112,146.72,Product14,Category02,Kg,1232,1613.92
276,2022-01-17,P0040,4,Online,Online,0,2022,1,17,90,115.2,Product40,Category05,Kg,360,460.8
277,2022-01-18,P0008,9,Wholesaler,Cash,0,2022,1,18,83,94.62,Product08,Category01,Kg,747,851.58
278,2022-01-20,P0021,2,Direct Sales,Cash,0,2022,1,20,126,162.54,Product21,Category03,Ft,252,325.08
279,2022-01-20,P0014,7,Online,Online,0,2022,1,20,112,146.72,Product14,Category02,Kg,784,1027.04
280,2022-01-22,P0001,6,Online,Cash,0,2022,1,22,98,103.88,Product01,Category01,Kg,588,623.28
281,2022-01-23,P0002,5,Wholesaler,Cash,0,2022,1,23,105,142.8,Product02,Category01,Kg,525,714.0
282,2022-01-23,P0042,8,Direct Sales,Online,0,2022,1,23,120,162.0,Product42,Category05,Ft,960,1296.0
283,2022-01-24,P0030,15,Online,Online,0,2022,1,24,148,201.28,Product30,Category04,Ft,2220,3019.2
284,2022-01-25,P0017,14,Direct Sales,Cash,0,2022,1,25,134,156.78,Product17,Category02,Ft,1876,2194.92
285,2022-01-28,P0016,11,Direct Sales,Online,0,2022,1,28,13,16.64,Product16,Category02,No.,143,183.04000000000002
286,2022-01-31,P0023,6,Online,Cash,0,2022,1,31,141,149.46,Product23,Category03,Ft,846,896.76
287,2022-01-31,P0041,9,Direct Sales,Cash,0,2022,1,31,138,173.88,Product41,Category05,Ft,1242,1564.92
288,2022-02-01,P0005,9,Direct Sales,Cash,0,2022,2,1,133,155.61,Product05,Category01,Ft,1197,1400.4900000000002
289,2022-02-03,P0014,8,Direct Sales,Online,0,2022,2,3,112,146.72,Product14,Category02,Kg,896,1173.76
290,2022-02-05,P0018,6,Direct Sales,Cash,0,2022,2,5,37,49.21,Product18,Category02,No.,222,295.26
291,2022-02-06,P0002,6,Direct Sales,Cash,0,2022,2,6,105,142.8,Product02,Category01,Kg,630,856.8000000000001
292,2022-02-08,P0005,11,Online,Cash,0,2022,2,8,133,155.61,Product05,Category01,Ft,1463,1711.71
293,2022-02-08,P0004,3,Online,Cash,0,2022,2,8,44,48.84,Product04,Category01,Lt,132,146.52
294,2022-02-09,P0032,14,Online,Online,0,2022,2,9,89,117.48,Product32,Category04,Kg,1246,1644.72
295,2022-02-12,P0010,13,Direct Sales,Cash,0,2022,2,12,148,164.28,Product10,Category02,Ft,1924,2135.64
296,2022-02-14,P0026,8,Online,Cash,0,2022,2,14,18,24.66,Product26,Category04,No.,144,197.28
297,2022-02-14,P0028,3,Direct Sales,Cash,0,2022,2,14,37,41.81,Product28,Category04,No.,111,125.43
298,2022-02-16,P0032,1,Online,Cash,0,2022,2,16,89,117.48,Product32,Category04,Kg,89,117.48
299,2022-02-19,P0002,13,Online,Cash,0,2022,2,19,105,142.8,Product02,Category01,Kg,1365,1856.4
300,2022-02-20,P0012,6,Direct Sales,Cash,0,2022,2,20,73,94.17,Product12,Category02,Kg,438,565.02
301,2022-02-23,P0013,6,Online,Online,0,2022,2,23,112,122.08,Product13,Category02,Kg,672,732.48
302,2022-02-23,P0016,15,Online,Cash,0,2022,2,23,13,16.64,Product16,Category02,No.,195,249.60000000000002
303,2022-02-23,P0036,8,Direct Sales,Online,0,2022,2,23,90,96.3,Product36,Category04,Kg,720,770.4
304,2022-02-27,P0012,7,Direct Sales,Cash,0,2022,2,27,73,94.17,Product12,Category02,Kg,511,659.19
305,2022-02-27,P0005,15,Direct Sales,Online,0,2022,2,27,133,155.61,Product05,Category01,Ft,1995,2334.15
306,2022-02-28,P0037,15,Direct Sales,Cash,0,2022,2,28,67,85.76,Product37,Category05,Kg,1005,1286.4
307,2022-03-04,P0026,13,Wholesaler,Online,0,2022,3,4,18,24.66,Product26,Category04,No.,234,320.58
308,2022-03-06,P0004,2,Direct Sales,Cash,0,2022,3,6,44,48.84,Product04,Category01,Lt,88,97.68
309,2022-03-07,P0003,1,Direct Sales,Cash,0,2022,3,7,71,80.94,Product03,Category01,Kg,71,80.94
310,2022-03-08,P0044,6,Direct Sales,Online,0,2022,3,8,76,82.08,Product44,Category05,Kg,456,492.48
311,2022-03-09,P0030,3,Direct Sales,Online,0,2022,3,9,148,201.28,Product30,Category04,Ft,444,603.84
312,2022-03-09,P0004,11,Online,Cash,0,2022,3,9,44,48.84,Product04,Category01,Lt,484,537.24
313,2022-03-10,P0033,12,Wholesaler,Online,0,2022,3,10,95,119.7,Product33,Category04,Kg,1140,1436.4
314,2022-03-14,P0016,2,Direct Sales,Cash,0,2022,3,14,13,16.64,Product16,Category02,No.,26,33.28
315,2022-03-14,P0026,13,Direct Sales,Online,0,2022,3,14,18,24.66,Product26,Category04,No.,234,320.58
316,2022-03-18,P0019,2,Online,Cash,0,2022,3,18,150,210.0,Product19,Category02,Ft,300,420.0
317,2022-03-18,P0027,10,Direct Sales,Cash,0,2022,3,18,48,57.120000000000005,Product27,Category04,Lt,480,571.2
318,2022-03-19,P0041,6,Wholesaler,Cash,0,2022,3,19,138,173.88,Product41,Category05,Ft,828,1043.28
319,2022-03-23,P0032,9,Direct Sales,Cash,0,2022,3,23,89,117.48,Product32,Category04,Kg,801,1057.32
320,2022-03-25,P0001,2,Wholesaler,Online,0,2022,3,25,98,103.88,Product01,Category01,Kg,196,207.76
321,2022-03-25,P0030,11,Direct Sales,Online,0,2022,3,25,148,201.28,Product30,Category04,Ft,1628,2214.08
322,2022-03-29,P0032,12,Online,Online,0,2022,3,29,89,117.48,Product32,Category04,Kg,1068,1409.76
323,2022-03-30,P0001,13,Online,Cash,0,2022,3,30,98,103.88,Product01,Category01,Kg,1274,1350.44
324,2022-04-01,P0002,2,Online,Cash,0,2022,4,1,105,142.8,Product02,Category01,Kg,210,285.6
325,2022-04-02,P0002,3,Direct Sales,Cash,0,2022,4,2,105,142.8,Product02,Category01,Kg,315,428.40000000000003
326,2022-04-06,P0040,2,Wholesaler,Cash,0,2022,4,6,90,115.2,Product40,Category05,Kg,180,230.4
327,2022-04-07,P0026,7,Direct Sales,Online,0,2022,4,7,18,24.66,Product26,Category04,No.,126,172.62
328,2022-04-09,P0039,12,Wholesaler,Cash,0,2022,4,9,37,42.55,Product39,Category05,No.,444,510.59999999999997
329,2022-04-09,P0002,9,Online,Online,0,2022,4,9,105,142.8,Product02,Category01,Kg,945,1285.2
330,2022-04-13,P0016,14,Wholesaler,Online,0,2022,4,13,13,16.64,Product16,Category02,No.,182,232.96
331,2022-04-18,P0041,9,Direct Sales,Cash,0,2022,4,18,138,173.88,Product41,Category05,Ft,1242,1564.92
332,2022-04-20,P0018,2,Wholesaler,Online,0,2022,4,20,37,49.21,Product18,Category02,No.,74,98.42
333,2022-04-20,P0012,4,Direct Sales,Online,0,2022,4,20,73,94.17,Product12,Category02,Kg,292,376.68
334,2022-04-21,P0030,2,Direct Sales,Cash,0,2022,4,21,148,201.28,Product30,Category04,Ft,296,402.56
335,2022-04-21,P0026,14,Online,Online,0,2022,4,21,18,24.66,Product26,Category04,No.,252,345.24
336,2022-04-23,P0044,15,Online,Online,0,2022,4,23,76,82.08,Product44,Category05,Kg,1140,1231.2
337,2022-04-24,P0034,4,Direct Sales,Online,0,2022,4,24,55,58.3,Product34,Category04,Lt,220,233.2
338,2022-04-25,P0004,9,Direct Sales,Cash,0,2022,4,25,44,48.84,Product04,Category01,Lt,396,439.56000000000006
339,2022-04-25,P0003,8,Online,Online,0,2022,4,25,71,80.94,Product03,Category01,Kg,568,647.52
340,2022-04-26,P0027,2,Direct Sales,Cash,0,2022,4,26,48,57.120000000000005,Product27,Category04,Lt,96,114.24000000000001
341,2022-04-28,P0014,14,Direct Sales,Cash,0,2022,4,28,112,146.72,Product14,Category02,Kg,1568,2054.08
342,2022-04-30,P0016,13,Online,Online,0,2022,4,30,13,16.64,Product16,Category02,No.,169,216.32
343,2022-04-30,P0027,8,Direct Sales,Online,0,2022,4,30,48,57.120000000000005,Product27,Category04,Lt,384,456.96000000000004
344,2022-05-01,P0034,9,Wholesaler,Online,0,2022,5,1,55,58.3,Product34,Category04,Lt,495,524.6999999999999
345,2022-05-01,P0033,6,Online,Online,0,2022,5,1,95,119.7,Product33,Category04,Kg,570,718.2
346,2022-05-02,P0013,4,Online,Cash,0,2022,5,2,112,122.08,Product13,Category02,Kg,448,488.32
347,2022-05-04,P0020,10,Direct Sales,Online,0,2022,5,4,61,76.25,Product20,Category03,Lt,610,762.5
348,2022-05-06,P0034,7,Direct Sales,Online,0,2022,5,6,55,58.3,Product34,Category04,Lt,385,408.09999999999997
349,2022-05-07,P0015,4,Online,Cash,0,2022,5,7,12,15.719999999999999,Product15,Category02,No.,48,62.879999999999995
350,2022-05-07,P0027,1,Online,Online,0,2022,5,7,48,57.120000000000005,Product27,Category04,Lt,48,57.120000000000005
351,2022-05-08,P0022,7,Online,Online,0,2022,5,8,121,141.57,Product22,Category03,Ft,847,990.99
352,2022-05-09,P0017,12,Wholesaler,Cash,0,2022,5,9,134,156.78,Product17,Category02,Ft,1608,1881.3600000000001
353,2022-05-10,P0009,6,Direct Sales,Online,0,2022,5,10,6,7.859999999999999,Product09,Category01,No.,36,47.16
354,2022-05-12,P0011,7,Online,Cash,0,2022,5,12,44,48.4,Product11,Category02,Lt,308,338.8
355,2022-05-13,P0012,5,Direct Sales,Online,0,2022,5,13,73,94.17,Product12,Category02,Kg,365,470.85
356,2022-05-14,P0008,14,Direct Sales,Cash,0,2022,5,14,83,94.62,Product08,Category01,Kg,1162,1324.68
357,2022-05-15,P0020,5,Online,Online,0,2022,5,15,61,76.25,Product20,Category03,Lt,305,381.25
358,2022-05-16,P0010,13,Direct Sales,Cash,0,2022,5,16,148,164.28,Product10,Category02,Ft,1924,2135.64
359,2022-05-16,P0031,13,Online,Online,0,2022,5,16,93,104.16,Product31,Category04,Kg,1209,1354.08
360,2022-05-17,P0027,8,Direct Sales,Cash,0,2022,5,17,48,57.120000000000005,Product27,Category04,Lt,384,456.96000000000004
361,2022-05-18,P0027,4,Wholesaler,Online,0,2022,5,18,48,57.120000000000005,Product27,Category04,Lt,192,228.48000000000002
362,2022-05-18,P0038,8,Wholesaler,Online,0,2022,5,18,72,79.92,Product38,Category05,Kg,576,639.36
363,2022-05-20,P0044,15,Online,Cash,0,2022,5,20,76,82.08,Product44,Category05,Kg,1140,1231.2
364,2022-05-22,P0015,12,Direct Sales,Online,0,2022,5,22,12,15.719999999999999,Product15,Category02,No.,144,188.64
365,2022-05-25,P0002,7,Online,Online,0,2022,5,25,105,142.8,Product02,Category01,Kg,735,999.6000000000001
366,2022-05-26,P0028,2,Direct Sales,Online,0,2022,5,26,37,41.81,Product28,Category04,No.,74,83.62
367,2022-05-26,P0027,2,Online,Online,0,2022,5,26,48,57.120000000000005,Product27,Category04,Lt,96,114.24000000000001
368,2022-05-28,P0041,10,Wholesaler,Cash,0,2022,5,28,138,173.88,Product41,Category05,Ft,1380,1738.8
369,2022-05-28,P0008,5,Wholesaler,Online,0,2022,5,28,83,94.62,Product08,Category01,Kg,415,473.1
370,2022-05-28,P0010,9,Online,Cash,0,2022,5,28,148,164.28,Product10,Category02,Ft,1332,1478.52
371,2022-05-28,P0004,12,Online,Online,0,2022,5,28,44,48.84,Product04,Category01,Lt,528,586.08
372,2022-05-28,P0020,14,Direct Sales,Cash,0,2022,5,28,61,76.25,Product20,Category03,Lt,854,1067.5
373,2022-05-30,P0044,9,Direct Sales,Online,0,2022,5,30,76,82.08,Product44,Category05,Kg,684,738.72
374,2022-05-30,P0005,4,Wholesaler,Cash,0,2022,5,30,133,155.61,Product05,Category01,Ft,532,622.44
375,2022-05-30,P0033,3,Online,Cash,0,2022,5,30,95,119.7,Product33,Category04,Kg,285,359.1
376,2022-06-03,P0008,14,Online,Online,0,2022,6,3,83,94.62,Product08,Category01,Kg,1162,1324.68
377,2022-06-10,P0028,8,Wholesaler,Online,0,2022,6,10,37,41.81,Product28,Category04,No.,296,334.48
378,2022-06-11,P0039,13,Online,Cash,0,2022,6,11,37,42.55,Product39,Category05,No.,481,553.15
379,2022-06-11,P0021,6,Direct Sales,Online,0,2022,6,11,126,162.54,Product21,Category03,Ft,756,975.24
380,2022-06-13,P0026,6,Direct Sales,Cash,0,2022,6,13,18,24.66,Product26,Category04,No.,108,147.96
381,2022-06-15,P0042,15,Wholesaler,Online,0,2022,6,15,120,162.0,Product42,Category05,Ft,1800,2430.0
382,2022-06-16,P0029,15,Online,Cash,0,2022,6,16,47,53.11,Product29,Category04,Lt,705,796.65
383,2022-06-19,P0002,8,Direct Sales,Cash,0,2022,6,19,105,142.8,Product02,Category01,Kg,840,1142.4
384,2022-06-21,P0017,14,Direct Sales,Cash,0,2022,6,21,134,156.78,Product17,Category02,Ft,1876,2194.92
385,2022-06-22,P0040,10,Online,Cash,0,2022,6,22,90,115.2,Product40,Category05,Kg,900,1152.0
386,2022-06-22,P0001,4,Direct Sales,Cash,0,2022,6,22,98,103.88,Product01,Category01,Kg,392,415.52
387,2022-06-23,P0004,8,Direct Sales,Online,0,2022,6,23,44,48.84,Product04,Category01,Lt,352,390.72
388,2022-06-24,P0018,7,Direct Sales,Cash,0,2022,6,24,37,49.21,Product18,Category02,No.,259,344.47
389,2022-06-25,P0012,7,Online,Online,0,2022,6,25,73,94.17,Product12,Category02,Kg,511,659.19
390,2022-06-26,P0034,4,Direct Sales,Cash,0,2022,6,26,55,58.3,Product34,Category04,Lt,220,233.2
391,2022-06-26,P0043,12,Direct Sales,Online,0,2022,6,26,67,83.08,Product43,Category05,Kg,804,996.96
392,2022-07-03,P0033,15,Direct Sales,Cash,0,2022,7,3,95,119.7,Product33,Category04,Kg,1425,1795.5
393,2022-07-04,P0007,7,Direct Sales,Online,0,2022,7,4,43,47.730000000000004,Product07,Category01,Lt,301,334.11
394,2022-07-05,P0025,7,Online,Cash,0,2022,7,5,7,8.33,Product25,Category03,No.,49,58.31
395,2022-07-05,P0015,8,Direct Sales,Online,0,2022,7,5,12,15.719999999999999,Product15,Category02,No.,96,125.75999999999999
396,2022-07-06,P0041,2,Direct Sales,Cash,0,2022,7,6,138,173.88,Product41,Category05,Ft,276,347.76
397,2022-07-08,P0018,2,Direct Sales,Online,0,2022,7,8,37,49.21,Product18,Category02,No.,74,98.42
398,2022-07-10,P0032,12,Online,Cash,0,2022,7,10,89,117.48,Product32,Category04,Kg,1068,1409.76
399,2022-07-12,P0028,12,Direct Sales,Cash,0,2022,7,12,37,41.81,Product28,Category04,No.,444,501.72
400,2022-07-13,P0025,7,Direct Sales,Online,0,2022,7,13,7,8.33,Product25,Category03,No.,49,58.31
401,2022-07-14,P0033,9,Direct Sales,Online,0,2022,7,14,95,119.7,Product33,Category04,Kg,855,1077.3
402,2022-07-15,P0004,2,Online,Online,0,2022,7,15,44,48.84,Product04,Category01,Lt,88,97.68
403,2022-07-17,P0041,8,Online,Cash,0,2022,7,17,138,173.88,Product41,Category05,Ft,1104,1391.04
404,2022-07-18,P0010,12,Direct Sales,Online,0,2022,7,18,148,164.28,Product10,Category02,Ft,1776,1971.3600000000001
405,2022-07-20,P0042,8,Wholesaler,Online,0,2022,7,20,120,162.0,Product42,Category05,Ft,960,1296.0
406,2022-07-22,P0034,6,Direct Sales,Cash,0,2022,7,22,55,58.3,Product34,Category04,Lt,330,349.79999999999995
407,2022-07-23,P0018,2,Online,Online,0,2022,7,23,37,49.21,Product18,Category02,No.,74,98.42
408,2022-07-24,P0006,14,Direct Sales,Cash,0,2022,7,24,75,85.5,Product06,Category01,Kg,1050,1197.0
409,2022-07-24,P0027,1,Online,Online,0,2022,7,24,48,57.120000000000005,Product27,Category04,Lt,48,57.120000000000005
410,2022-07-25,P0044,2,Direct Sales,Cash,0,2022,7,25,76,82.08,Product44,Category05,Kg,152,164.16
411,2022-07-25,P0017,12,Direct Sales,Cash,0,2022,7,25,134,156.78,Product17,Category02,Ft,1608,1881.3600000000001
412,2022-07-25,P0003,13,Online,Cash,0,2022,7,25,71,80.94,Product03,Category01,Kg,923,1052.22
413,2022-07-26,P0003,10,Online,Online,0,2022,7,26,71,80.94,Product03,Category01,Kg,710,809.4
414,2022-07-26,P0026,1,Online,Cash,0,2022,7,26,18,24.66,Product26,Category04,No.,18,24.66
415,2022-08-03,P0012,5,Direct Sales,Cash,0,2022,8,3,73,94.17,Product12,Category02,Kg,365,470.85
416,2022-08-06,P0016,9,Online,Online,0,2022,8,6,13,16.64,Product16,Category02,No.,117,149.76
417,2022-08-08,P0016,2,Direct Sales,Online,0,2022,8,8,13,16.64,Product16,Category02,No.,26,33.28
418,2022-08-08,P0032,12,Direct Sales,Cash,0,2022,8,8,89,117.48,Product32,Category04,Kg,1068,1409.76
419,2022-08-08,P0021,11,Direct Sales,Cash,0,2022,8,8,126,162.54,Product21,Category03,Ft,1386,1787.9399999999998
420,2022-08-14,P0030,14,Direct Sales,Cash,0,2022,8,14,148,201.28,Product30,Category04,Ft,2072,2817.92
421,2022-08-15,P0011,10,Wholesaler,Cash,0,2022,8,15,44,48.4,Product11,Category02,Lt,440,484.0
422,2022-08-15,P0015,7,Direct Sales,Online,0,2022,8,15,12,15.719999999999999,Product15,Category02,No.,84,110.03999999999999
423,2022-08-18,P0029,8,Online,Online,0,2022,8,18,47,53.11,Product29,Category04,Lt,376,424.88
424,2022-08-18,P0010,2,Online,Cash,0,2022,8,18,148,164.28,Product10,Category02,Ft,296,328.56
425,2022-08-19,P0007,3,Online,Online,0,2022,8,19,43,47.730000000000004,Product07,Category01,Lt,129,143.19
426,2022-08-20,P0023,13,Direct Sales,Online,0,2022,8,20,141,149.46,Product23,Category03,Ft,1833,1942.98
427,2022-08-20,P0033,14,Direct Sales,Online,0,2022,8,20,95,119.7,Product33,Category04,Kg,1330,1675.8
428,2022-08-21,P0016,4,Direct Sales,Online,0,2022,8,21,13,16.64,Product16,Category02,No.,52,66.56
429,2022-08-23,P0044,11,Online,Online,0,2022,8,23,76,82.08,Product44,Category05,Kg,836,902.88
430,2022-08-23,P0029,14,Direct Sales,Cash,0,2022,8,23,47,53.11,Product29,Category04,Lt,658,743.54
431,2022-08-24,P0005,5,Direct Sales,Cash,0,2022,8,24,133,155.61,Product05,Category01,Ft,665,778.0500000000001
432,2022-08-26,P0019,13,Wholesaler,Cash,0,2022,8,26,150,210.0,Product19,Category02,Ft,1950,2730.0
433,2022-08-26,P0037,8,Online,Online,0,2022,8,26,67,85.76,Product37,Category05,Kg,536,686.08
434,2022-08-27,P0039,15,Wholesaler,Online,0,2022,8,27,37,42.55,Product39,Category05,No.,555,638.25
435,2022-08-28,P0005,9,Online,Online,0,2022,8,28,133,155.61,Product05,Category01,Ft,1197,1400.4900000000002
436,2022-08-28,P0039,5,Direct Sales,Online,0,2022,8,28,37,42.55,Product39,Category05,No.,185,212.75
437,2022-08-30,P0006,6,Online,Cash,0,2022,8,30,75,85.5,Product06,Category01,Kg,450,513.0
438,2022-08-30,P0043,6,Direct Sales,Cash,0,2022,8,30,67,83.08,Product43,Category05,Kg,402,498.48
439,2022-08-30,P0025,5,Direct Sales,Cash,0,2022,8,30,7,8.33,Product25,Category03,No.,35,41.65
440,2022-08-31,P0015,13,Direct Sales,Cash,0,2022,8,31,12,15.719999999999999,Product15,Category02,No.,156,204.35999999999999
441,2022-09-04,P0002,1,Direct Sales,Cash,0,2022,9,4,105,142.8,Product02,Category01,Kg,105,142.8
442,2022-09-06,P0005,12,Wholesaler,Online,0,2022,9,6,133,155.61,Product05,Category01,Ft,1596,1867.3200000000002
443,2022-09-09,P0041,9,Direct Sales,Online,0,2022,9,9,138,173.88,Product41,Category05,Ft,1242,1564.92
444,2022-09-09,P0003,3,Direct Sales,Online,0,2022,9,9,71,80.94,Product03,Category01,Kg,213,242.82
445,2022-09-10,P0035,15,Online,Cash,0,2022,9,10,5,6.7,Product35,Category04,No.,75,100.5
446,2022-09-10,P0038,4,Direct Sales,Cash,0,2022,9,10,72,79.92,Product38,Category05,Kg,288,319.68
447,2022-09-14,P0029,3,Direct Sales,Cash,0,2022,9,14,47,53.11,Product29,Category04,Lt,141,159.32999999999998
448,2022-09-15,P0037,15,Online,Online,0,2022,9,15,67,85.76,Product37,Category05,Kg,1005,1286.4
449,2022-09-18,P0026,14,Online,Cash,0,2022,9,18,18,24.66,Product26,Category04,No.,252,345.24
450,2022-09-19,P0033,8,Wholesaler,Cash,0,2022,9,19,95,119.7,Product33,Category04,Kg,760,957.6
451,2022-09-20,P0033,6,Direct Sales,Online,0,2022,9,20,95,119.7,Product33,Category04,Kg,570,718.2
452,2022-09-20,P0001,10,Direct Sales,Online,0,2022,9,20,98,103.88,Product01,Category01,Kg,980,1038.8
453,2022-09-21,P0018,14,Online,Online,0,2022,9,21,37,49.21,Product18,Category02,No.,518,688.94
454,2022-09-21,P0026,5,Direct Sales,Cash,0,2022,9,21,18,24.66,Product26,Category04,No.,90,123.3
455,2022-09-22,P0043,12,Online,Online,0,2022,9,22,67,83.08,Product43,Category05,Kg,804,996.96
456,2022-09-23,P0012,12,Direct Sales,Online,0,2022,9,23,73,94.17,Product12,Category02,Kg,876,1130.04
457,2022-09-24,P0032,14,Direct Sales,Online,0,2022,9,24,89,117.48,Product32,Category04,Kg,1246,1644.72
458,2022-09-24,P0032,8,Direct Sales,Cash,0,2022,9,24,89,117.48,Product32,Category04,Kg,712,939.84
459,2022-09-27,P0036,4,Direct Sales,Cash,0,2022,9,27,90,96.3,Product36,Category04,Kg,360,385.2
460,2022-09-27,P0044,9,Direct Sales,Cash,0,2022,9,27,76,82.08,Product44,Category05,Kg,684,738.72
461,2022-09-27,P0038,3,Wholesaler,Cash,0,2022,9,27,72,79.92,Product38,Category05,Kg,216,239.76
462,2022-09-29,P0034,13,Direct Sales,Online,0,2022,9,29,55,58.3,Product34,Category04,Lt,715,757.9
463,2022-10-03,P0011,5,Direct Sales,Cash,0,2022,10,3,44,48.4,Product11,Category02,Lt,220,242.0
464,2022-10-04,P0007,15,Direct Sales,Online,0,2022,10,4,43,47.730000000000004,Product07,Category01,Lt,645,715.95
465,2022-10-06,P0035,1,Direct Sales,Online,0,2022,10,6,5,6.7,Product35,Category04,No.,5,6.7
466,2022-10-09,P0038,14,Online,Online,0,2022,10,9,72,79.92,Product38,Category05,Kg,1008,1118.88
467,2022-10-10,P0019,9,Direct Sales,Online,0,2022,10,10,150,210.0,Product19,Category02,Ft,1350,1890.0
468,2022-10-10,P0044,12,Online,Online,0,2022,10,10,76,82.08,Product44,Category05,Kg,912,984.96
469,2022-10-11,P0008,10,Direct Sales,Online,0,2022,10,11,83,94.62,Product08,Category01,Kg,830,946.2
470,2022-10-13,P0002,15,Online,Online,0,2022,10,13,105,142.8,Product02,Category01,Kg,1575,2142.0
471,2022-10-14,P0044,15,Wholesaler,Online,0,2022,10,14,76,82.08,Product44,Category05,Kg,1140,1231.2
472,2022-10-15,P0015,10,Direct Sales,Cash,0,2022,10,15,12,15.719999999999999,Product15,Category02,No.,120,157.2
473,2022-10-16,P0036,3,Online,Online,0,2022,10,16,90,96.3,Product36,Category04,Kg,270,288.9
474,2022-10-23,P0024,14,Online,Cash,0,2022,10,23,144,156.96,Product24,Category03,Ft,2016,2197.44
475,2022-10-30,P0042,3,Direct Sales,Cash,0,2022,10,30,120,162.0,Product42,Category05,Ft,360,486.0
476,2022-10-31,P0038,8,Direct Sales,Online,0,2022,10,31,72,79.92,Product38,Category05,Kg,576,639.36
477,2022-11-01,P0012,15,Wholesaler,Online,0,2022,11,1,73,94.17,Product12,Category02,Kg,1095,1412.55
478,2022-11-02,P0015,15,Wholesaler,Cash,0,2022,11,2,12,15.719999999999999,Product15,Category02,No.,180,235.79999999999998
479,2022-11-02,P0030,15,Direct Sales,Cash,0,2022,11,2,148,201.28,Product30,Category04,Ft,2220,3019.2
480,2022-11-02,P0035,5,Direct Sales,Cash,0,2022,11,2,5,6.7,Product35,Category04,No.,25,33.5
481,2022-11-03,P0020,11,Online,Online,0,2022,11,3,61,76.25,Product20,Category03,Lt,671,838.75
482,2022-11-04,P0008,10,Direct Sales,Online,0,2022,11,4,83,94.62,Product08,Category01,Kg,830,946.2
483,2022-11-05,P0019,15,Direct Sales,Cash,0,2022,11,5,150,210.0,Product19,Category02,Ft,2250,3150.0
484,2022-11-06,P0043,13,Direct Sales,Cash,0,2022,11,6,67,83.08,Product43,Category05,Kg,871,1080.04
485,2022-11-06,P0015,13,Online,Online,0,2022,11,6,12,15.719999999999999,Product15,Category02,No.,156,204.35999999999999
486,2022-11-06,P0042,13,Direct Sales,Cash,0,2022,11,6,120,162.0,Product42,Category05,Ft,1560,2106.0
487,2022-11-07,P0040,13,Online,Cash,0,2022,11,7,90,115.2,Product40,Category05,Kg,1170,1497.6000000000001
488,2022-11-08,P0036,11,Wholesaler,Cash,0,2022,11,8,90,96.3,Product36,Category04,Kg,990,1059.3
489,2022-11-08,P0019,10,Wholesaler,Online,0,2022,11,8,150,210.0,Product19,Category02,Ft,1500,2100.0
490,2022-11-09,P0027,8,Online,Cash,0,2022,11,9,48,57.120000000000005,Product27,Category04,Lt,384,456.96000000000004
491,2022-11-10,P0018,7,Direct Sales,Online,0,2022,11,10,37,49.21,Product18,Category02,No.,259,344.47
492,2022-11-13,P0027,10,Wholesaler,Cash,0,2022,11,13,48,57.120000000000005,Product27,Category04,Lt,480,571.2
493,2022-11-14,P0002,1,Direct Sales,Cash,0,2022,11,14,105,142.8,Product02,Category01,Kg,105,142.8
494,2022-11-15,P0012,14,Direct Sales,Cash,0,2022,11,15,73,94.17,Product12,Category02,Kg,1022,1318.38
495,2022-11-16,P0017,8,Online,Online,0,2022,11,16,134,156.78,Product17,Category02,Ft,1072,1254.24
496,2022-11-18,P0034,8,Direct Sales,Cash,0,2022,11,18,55,58.3,Product34,Category04,Lt,440,466.4
497,2022-11-21,P0020,6,Direct Sales,Cash,0,2022,11,21,61,76.25,Product20,Category03,Lt,366,457.5
498,2022-11-23,P0036,12,Online,Online,0,2022,11,23,90,96.3,Product36,Category04,Kg,1080,1155.6
499,2022-11-25,P0004,5,Direct Sales,Cash,0,2022,11,25,44,48.84,Product04,Category01,Lt,220,244.20000000000002
500,2022-11-26,P0032,5,Direct Sales,Online,0,2022,11,26,89,117.48,Product32,Category04,Kg,445,587.4
501,2022-11-27,P0034,15,Direct Sales,Online,0,2022,11,27,55,58.3,Product34,Category04,Lt,825,874.5
502,2022-11-28,P0031,8,Direct Sales,Cash,0,2022,11,28,93,104.16,Product31,Category04,Kg,744,833.28
503,2022-11-30,P0015,2,Direct Sales,Online,0,2022,11,30,12,15.719999999999999,Product15,Category02,No.,24,31.439999999999998
504,2022-12-03,P0028,5,Wholesaler,Cash,0,2022,12,3,37,41.81,Product28,Category04,No.,185,209.05
505,2022-12-04,P0026,10,Direct Sales,Cash,0,2022,12,4,18,24.66,Product26,Category04,No.,180,246.6
506,2022-12-04,P0044,15,Direct Sales,Cash,0,2022,12,4,76,82.08,Product44,Category05,Kg,1140,1231.2
507,2022-12-07,P0038,12,Direct Sales,Cash,0,2022,12,7,72,79.92,Product38,Category05,Kg,864,959.04
508,2022-12-07,P0016,13,Direct Sales,Online,0,2022,12,7,13,16.64,Product16,Category02,No.,169,216.32
509,2022-12-07,P0038,5,Direct Sales,Cash,0,2022,12,7,72,79.92,Product38,Category05,Kg,360,399.6
510,2022-12-11,P0027,5,Direct Sales,Online,0,2022,12,11,48,57.120000000000005,Product27,Category04,Lt,240,285.6
511,2022-12-11,P0013,9,Wholesaler,Online,0,2022,12,11,112,122.08,Product13,Category02,Kg,1008,1098.72
512,2022-12-11,P0014,10,Online,Cash,0,2022,12,11,112,146.72,Product14,Category02,Kg,1120,1467.2
513,2022-12-12,P0030,9,Wholesaler,Cash,0,2022,12,12,148,201.28,Product30,Category04,Ft,1332,1811.52
514,2022-12-12,P0041,10,Wholesaler,Online,0,2022,12,12,138,173.88,Product41,Category05,Ft,1380,1738.8
515,2022-12-14,P0005,4,Direct Sales,Cash,0,2022,12,14,133,155.61,Product05,Category01,Ft,532,622.44
516,2022-12-15,P0009,13,Direct Sales,Online,0,2022,12,15,6,7.859999999999999,Product09,Category01,No.,78,102.17999999999999
517,2022-12-19,P0044,7,Direct Sales,Online,0,2022,12,19,76,82.08,Product44,Category05,Kg,532,574.56
518,2022-12-19,P0011,14,Direct Sales,Cash,0,2022,12,19,44,48.4,Product11,Category02,Lt,616,677.6
519,2022-12-19,P0009,11,Online,Online,0,2022,12,19,6,7.859999999999999,Product09,Category01,No.,66,86.46
520,2022-12-21,P0006,10,Direct Sales,Online,0,2022,12,21,75,85.5,Product06,Category01,Kg,750,855.0
521,2022-12-29,P0008,15,Direct Sales,Online,0,2022,12,29,83,94.62,Product08,Category01,Kg,1245,1419.3000000000002
522,2022-12-29,P0042,1,Wholesaler,Cash,0,2022,12,29,120,162.0,Product42,Category05,Ft,120,162.0
523,2022-12-30,P0041,14,Direct Sales,Online,0,2022,12,30,138,173.88,Product41,Category05,Ft,1932,2434.3199999999997
524,2022-12-31,P0033,12,Online,Online,0,2022,12,31,95,119.7,Product33,Category04,Kg,1140,1436.4
525,2022-12-31,P0011,6,Online,Online,0,2022,12,31,44,48.4,Product11,Category02,Lt,264,290.4
526,2022-12-31,P0011,3,Wholesaler,Cash,0,2022,12,31,44,48.4,Product11,Category02,Lt,132,145.2
